Order-Id,Item-id,Product-Id,Quantity,Sales-Id,Customer-Id,Sales-Price-Per-Prod,Market-Segment
0,0,18,17,5,18,73,software
1,1,3,19,2,4,199,software
2,2,19,16,5,25,83,financial
3,3,1,18,7,16,157,realestate
4,4,13,3,5,14,124,pharmaceutical
5,5,2,17,2,7,212,pharmaceutical
6,6,19,13,5,22,82,education
7,7,0,26,2,22,122,software
8,8,4,5,4,23,179,education
9,9,15,20,9,9,178,financial
10,10,3,24,3,22,200,retail
11,11,1,20,1,9,235,financial
12,12,3,10,9,26,198,software
13,13,11,16,9,4,96,pharmaceutical
14,14,17,26,3,29,187,retail
15,15,14,20,4,20,185,education
16,16,2,26,5,5,215,software
17,17,4,13,7,2,149,realestate
18,18,14,12,7,21,179,education
19,19,8,23,1,11,190,realestate
20,20,7,24,2,19,164,realestate
21,21,2,20,6,12,199,software
22,22,15,24,5,16,194,software
23,23,0,24,0,14,119,education
24,24,11,26,8,16,123,software
25,25,11,5,1,11,125,realestate
26,26,9,6,6,16,74,education
27,27,13,28,5,21,118,pharmaceutical
28,28,3,13,7,25,217,realestate
29,29,18,17,8,14,97,pharmaceutical
30,30,15,19,1,5,218,retail
31,31,17,27,1,22,201,realestate
32,32,4,2,9,10,163,pharmaceutical
33,33,15,28,4,10,187,financial
34,34,5,25,6,15,106,realestate
35,35,9,14,4,25,76,retail
36,36,16,15,8,15,149,retail
37,37,12,9,0,1,97,pharmaceutical
38,38,3,3,3,23,214,software
39,39,6,26,4,10,79,pharmaceutical
40,40,9,6,0,21,96,financial
41,41,8,8,7,24,115,software
42,42,16,16,3,9,149,retail
43,43,6,22,4,21,70,software
44,44,17,20,9,15,194,retail
45,45,3,14,0,6,169,software
46,46,4,8,5,12,154,retail
47,47,0,25,3,10,121,realestate
48,48,15,9,0,3,196,financial
49,49,5,11,2,29,109,education
50,50,16,27,4,15,162,realestate
51,51,17,25,4,4,189,retail
52,52,12,13,2,27,96,software
53,53,11,27,0,8,128,software
54,54,16,5,5,22,151,software
55,55,12,23,9,8,80,pharmaceutical
56,56,5,4,1,14,139,pharmaceutical
57,57,8,5,2,28,192,pharmaceutical
58,58,13,29,8,25,134,financial
59,59,12,15,8,25,100,retail
60,60,9,23,8,26,45,retail
61,61,17,29,2,19,200,retail
62,62,18,15,3,5,85,realestate
63,63,5,11,3,15,103,software
64,64,17,9,1,24,202,software
65,65,13,0,0,10,102,software
66,66,5,15,2,18,97,retail
67,67,12,14,3,9,110,education
68,68,8,28,4,15,124,realestate
69,69,13,6,7,21,129,education
70,70,14,15,6,13,191,financial
71,71,16,25,7,9,160,pharmaceutical
72,72,18,21,8,0,61,retail
73,73,7,3,1,1,132,pharmaceutical
74,74,19,24,8,26,73,financial
75,75,4,6,8,7,186,realestate
76,76,8,29,4,3,157,realestate
77,77,14,21,4,22,178,realestate
78,78,0,15,9,29,120,education
79,79,7,26,9,29,150,software
80,80,5,12,2,28,126,education
81,81,9,18,8,26,47,pharmaceutical
82,82,6,23,9,7,55,realestate
83,83,3,9,8,9,187,software
84,84,4,27,8,7,139,education
85,85,9,11,9,7,68,education
86,86,15,25,3,1,200,education
87,87,17,9,5,15,194,software
88,88,6,9,4,29,42,education
89,89,14,24,0,24,188,retail
90,90,17,8,1,11,193,realestate
91,91,17,29,9,23,196,pharmaceutical
92,92,16,0,7,6,147,software
93,93,13,4,4,22,93,retail
94,94,16,29,8,28,161,software
95,95,19,14,2,25,73,financial
96,96,9,15,7,9,64,education
97,97,5,29,9,3,127,pharmaceutical
98,98,10,15,6,27,94,pharmaceutical
99,99,10,16,8,24,93,education
100,100,6,13,6,28,80,realestate
101,101,19,22,5,15,72,pharmaceutical
102,102,14,14,0,7,185,realestate
103,103,18,19,5,12,78,retail
104,104,19,5,6,4,117,software
105,105,9,24,1,18,55,financial
106,106,4,26,8,26,131,education
107,107,13,22,7,26,88,realestate
108,108,6,28,9,19,45,realestate
109,109,11,10,4,19,101,retail
110,110,16,24,1,10,153,software
111,111,1,15,7,23,226,realestate
112,112,0,29,0,28,123,realestate
113,113,9,10,6,7,45,pharmaceutical
114,114,15,21,5,13,202,education
115,115,14,29,9,27,193,retail
116,116,4,16,5,13,181,software
117,117,10,14,9,24,155,realestate
118,118,16,9,7,1,159,retail
119,119,19,18,0,18,119,financial
120,120,16,2,4,23,151,pharmaceutical
121,121,8,15,2,8,177,education
122,122,17,12,5,9,201,financial
123,123,0,9,4,9,123,retail
124,124,2,20,7,1,201,realestate
125,125,10,6,6,12,96,pharmaceutical
126,126,16,1,7,25,148,retail
127,127,7,29,5,23,166,software
128,128,3,6,0,17,205,software
129,129,14,16,5,18,197,pharmaceutical
130,130,16,10,4,29,158,realestate
131,131,3,1,8,11,173,pharmaceutical
132,132,8,18,9,20,169,education
133,133,12,3,8,2,106,software
134,134,16,11,5,23,159,education
135,135,14,9,8,18,196,education
136,136,11,14,9,10,141,software
137,137,13,8,4,7,132,retail
138,138,4,10,1,10,184,software
139,139,14,19,2,13,191,education
140,140,14,16,8,17,196,software
141,141,8,5,9,1,178,financial
142,142,13,13,2,13,88,realestate
143,143,5,11,6,15,95,software
144,144,11,5,3,4,116,financial
145,145,5,5,4,28,140,education
146,146,11,25,3,18,115,retail
147,147,2,16,1,28,214,realestate
148,148,7,4,3,7,135,financial
149,149,19,3,0,5,78,realestate
150,150,18,11,1,28,101,software
151,151,7,13,3,6,119,software
152,152,11,3,8,2,125,software
153,153,4,26,4,15,172,pharmaceutical
154,154,12,25,2,11,97,pharmaceutical
155,155,0,13,6,1,121,retail
156,156,13,10,9,23,136,realestate
157,157,0,1,3,25,120,software
158,158,10,6,2,0,111,education
159,159,14,12,5,12,185,pharmaceutical
160,160,13,20,0,27,99,realestate
161,161,13,11,4,15,89,education
162,162,3,3,7,20,208,financial
163,163,7,17,1,18,160,retail
164,164,13,18,8,11,138,software
165,165,3,27,5,25,207,financial
166,166,19,6,0,1,89,software
167,167,14,28,2,3,183,education
168,168,19,15,0,14,107,retail
169,169,12,9,5,3,82,education
170,170,5,24,6,16,100,retail
171,171,11,28,1,5,121,retail
172,172,1,9,2,17,205,software
173,173,13,18,3,7,102,pharmaceutical
174,174,18,22,6,27,83,pharmaceutical
175,175,8,28,6,27,192,financial
176,176,11,3,1,9,106,software
177,177,8,24,8,10,120,pharmaceutical
178,178,18,26,9,1,78,education
179,179,14,4,0,8,198,education
180,180,5,19,5,10,107,realestate
181,181,9,8,1,1,78,financial
182,182,1,10,9,18,222,education
183,183,1,21,2,0,165,financial
184,184,5,26,8,12,111,software
185,185,16,2,6,25,160,pharmaceutical
186,186,4,12,5,4,175,education
187,187,11,20,9,21,129,retail
188,188,0,22,6,18,120,software
189,189,11,15,0,26,111,software
190,190,15,24,1,27,202,education
191,191,7,17,9,16,120,pharmaceutical
192,192,17,9,8,26,194,education
193,193,6,11,7,20,62,software
194,194,15,6,0,11,191,education
195,195,5,0,8,15,97,software
196,196,14,4,8,19,185,financial
197,197,5,24,7,18,97,education
198,198,0,2,3,23,119,financial
199,199,6,26,2,9,62,retail
200,200,7,19,1,19,132,education
201,201,10,5,2,22,135,software
202,202,8,28,4,28,194,pharmaceutical
203,203,12,1,0,7,103,retail
204,204,14,1,6,21,192,software
205,205,4,5,3,0,135,pharmaceutical
206,206,8,27,7,3,171,financial
207,207,16,17,8,4,148,pharmaceutical
208,208,8,1,3,25,193,realestate
209,209,19,22,2,22,110,pharmaceutical
210,210,12,9,9,13,97,retail
211,211,16,18,5,1,156,retail
212,212,2,11,2,2,219,software
213,213,19,18,6,18,87,retail
214,214,6,16,6,0,76,financial
215,215,15,12,3,16,212,realestate
216,216,0,17,3,27,122,retail
217,217,0,13,0,26,123,education
218,218,12,23,3,17,79,software
219,219,15,8,7,25,214,realestate
220,220,0,18,9,10,121,financial
221,221,4,20,5,6,140,software
222,222,7,25,9,22,145,financial
223,223,7,29,8,9,132,realestate
224,224,4,4,0,29,153,pharmaceutical
225,225,17,11,1,21,197,retail
226,226,4,12,9,27,160,pharmaceutical
227,227,3,25,7,6,188,pharmaceutical
228,228,12,4,3,1,107,financial
229,229,0,25,8,13,120,realestate
230,230,18,5,8,12,66,education
231,231,5,9,2,1,120,software
232,232,3,3,1,8,169,pharmaceutical
233,233,15,25,9,18,182,education
234,234,6,0,3,13,64,education
235,235,9,8,4,1,105,retail
236,236,13,7,7,18,115,financial
237,237,3,1,5,14,191,education
238,238,14,6,2,7,199,realestate
239,239,5,29,1,19,132,education
240,240,10,26,3,23,107,realestate
241,241,2,20,7,14,213,education
242,242,5,28,4,10,127,financial
243,243,18,9,2,5,96,software
244,244,11,12,5,4,140,software
245,245,5,1,2,2,113,financial
246,246,1,1,2,4,218,financial
247,247,7,15,9,17,137,education
248,248,13,21,0,29,127,financial
249,249,9,16,6,13,79,realestate
250,250,4,9,5,23,159,software
251,251,6,7,9,17,40,education
252,252,19,12,8,22,100,pharmaceutical
253,253,5,24,6,15,127,education
254,254,1,16,1,8,218,financial
255,255,5,27,2,16,109,realestate
256,256,13,11,9,21,137,pharmaceutical
257,257,9,0,0,17,72,education
258,258,10,10,2,29,99,financial
259,259,11,1,0,13,130,software
260,260,12,5,6,27,101,software
261,261,5,18,6,15,120,retail
262,262,10,13,5,9,153,education
263,263,7,10,6,1,133,software
264,264,14,19,7,6,196,retail
265,265,10,20,9,4,137,software
266,266,9,27,6,4,98,retail
267,267,6,7,9,29,77,financial
268,268,10,4,2,14,97,realestate
269,269,12,14,3,27,108,pharmaceutical
270,270,1,11,4,7,192,education
271,271,13,24,3,13,122,software
272,272,0,5,3,28,120,software
273,273,13,19,5,20,113,retail
274,274,9,18,5,23,102,education
275,275,6,12,5,28,59,financial
276,276,7,22,5,29,146,financial
277,277,7,19,6,1,121,realestate
278,278,13,3,1,26,139,financial
279,279,13,17,3,7,111,software
280,280,0,28,7,13,120,pharmaceutical
281,281,3,17,7,4,208,financial
282,282,8,18,1,1,155,retail
283,283,6,24,5,19,77,pharmaceutical
284,284,7,4,6,26,167,education
285,285,4,21,2,10,185,education
286,286,17,1,5,0,205,software
287,287,2,29,2,22,215,education
288,288,10,0,9,5,102,retail
289,289,18,26,1,3,56,software
290,290,13,5,2,8,142,realestate
291,291,19,4,0,12,113,software
292,292,14,14,9,7,193,retail
293,293,5,4,3,21,110,software
294,294,3,11,2,23,197,realestate
295,295,17,28,7,27,191,education
296,296,1,15,3,17,160,realestate
297,297,3,0,2,3,209,financial
298,298,7,5,0,20,140,realestate
299,299,6,1,3,13,62,education
300,300,10,5,8,6,100,retail
301,301,13,29,9,22,102,education
302,302,0,19,7,27,122,software
303,303,15,13,9,3,188,pharmaceutical
304,304,0,1,0,27,120,pharmaceutical
305,305,15,6,2,17,201,pharmaceutical
306,306,12,3,8,27,107,retail
307,307,6,20,5,8,76,pharmaceutical
308,308,18,21,7,3,54,financial
309,309,17,7,8,5,194,software
310,310,7,23,3,19,155,realestate
311,311,12,28,9,7,84,software
312,312,9,4,2,8,98,education
313,313,6,27,1,23,56,retail
314,314,0,28,5,11,121,education
315,315,12,4,2,12,86,financial
316,316,16,12,9,2,161,pharmaceutical
317,317,16,10,5,18,148,pharmaceutical
318,318,16,20,9,27,157,pharmaceutical
319,319,9,4,2,0,60,education
320,320,5,28,9,22,120,financial
321,321,6,24,4,15,54,software
322,322,13,18,8,10,98,realestate
323,323,13,4,3,13,98,pharmaceutical
324,324,12,25,5,11,96,retail
325,325,3,26,4,19,189,retail
326,326,7,21,7,18,120,software
327,327,10,17,2,24,127,education
328,328,8,0,7,14,153,realestate
329,329,16,27,2,1,159,pharmaceutical
330,330,18,27,3,12,103,education
331,331,15,25,1,4,179,realestate
332,332,12,12,2,16,79,software
333,333,9,8,7,4,87,retail
334,334,0,16,5,15,121,financial
335,335,4,16,6,4,153,pharmaceutical
336,336,8,0,2,11,200,software
337,337,16,6,4,14,157,realestate
338,338,6,14,4,2,67,retail
339,339,19,20,2,29,93,pharmaceutical
340,340,1,17,0,0,227,retail
341,341,7,1,7,8,156,pharmaceutical
342,342,2,15,3,25,207,education
343,343,12,6,2,12,106,software
344,344,19,0,5,12,107,retail
345,345,13,26,0,25,97,education
346,346,8,20,5,21,149,realestate
347,347,0,27,6,16,120,financial
348,348,4,20,4,4,139,retail
349,349,1,28,7,1,228,financial
350,350,18,25,9,1,62,education
351,351,2,3,9,20,216,retail
352,352,11,17,4,22,114,realestate
353,353,11,19,7,0,98,pharmaceutical
354,354,14,10,8,11,197,retail
355,355,10,15,9,0,91,retail
356,356,8,17,4,6,131,pharmaceutical
357,357,15,16,8,14,191,retail
358,358,14,26,3,28,182,financial
359,359,7,0,3,4,129,pharmaceutical
360,360,11,22,3,13,106,realestate
361,361,3,10,7,2,177,software
362,362,8,2,7,20,150,financial
363,363,8,23,7,14,186,realestate
364,364,0,16,9,22,120,software
365,365,8,27,4,5,164,education
366,366,13,14,7,22,123,pharmaceutical
367,367,14,21,2,25,178,software
368,368,13,26,0,10,144,pharmaceutical
369,369,2,8,9,9,204,realestate
370,370,0,27,0,7,119,financial
371,371,17,23,2,3,203,retail
372,372,19,10,9,3,71,financial
373,373,2,6,9,27,209,retail
374,374,10,21,6,24,150,software
375,375,2,26,3,13,209,realestate
376,376,3,2,6,21,178,pharmaceutical
377,377,5,9,2,17,102,pharmaceutical
378,378,16,24,3,2,148,retail
379,379,14,11,9,26,182,software
380,380,5,4,5,18,132,pharmaceutical
381,381,7,25,3,19,160,software
382,382,10,26,6,27,101,education
383,383,10,24,4,7,105,retail
384,384,8,17,8,29,155,retail
385,385,5,24,5,10,93,retail
386,386,1,3,4,14,210,software
387,387,18,8,0,28,95,retail
388,388,5,21,3,0,104,retail
389,389,5,27,9,22,98,financial
390,390,1,25,6,3,162,retail
391,391,7,12,9,6,121,pharmaceutical
392,392,18,19,3,2,54,pharmaceutical
393,393,16,0,1,3,162,retail
394,394,15,29,9,24,192,financial
395,395,8,28,7,10,159,realestate
396,396,6,22,0,21,73,pharmaceutical
397,397,3,16,2,14,198,education
398,398,10,8,3,17,140,software
399,399,13,23,0,9,135,financial
400,400,10,28,8,5,102,education
401,401,3,29,8,8,206,software
402,402,4,4,2,15,138,education
403,403,13,8,1,1,105,software
404,404,8,17,9,26,177,education
405,405,5,29,4,17,140,software
406,406,17,11,4,18,187,education
407,407,1,13,5,19,229,pharmaceutical
408,408,1,24,7,2,178,realestate
409,409,10,20,9,9,139,financial
410,410,16,1,7,17,161,education
411,411,10,21,9,12,88,realestate
412,412,18,10,3,13,81,realestate
413,413,7,12,5,17,164,software
414,414,5,23,1,18,134,realestate
415,415,12,5,9,11,85,pharmaceutical
416,416,19,19,5,7,73,realestate
417,417,10,27,8,23,146,software
418,418,4,24,9,14,177,software
419,419,1,0,8,13,199,software
420,420,3,28,4,26,186,education
421,421,13,2,5,29,96,pharmaceutical
422,422,19,19,8,16,73,financial
423,423,18,17,3,22,83,software
424,424,16,18,4,21,147,pharmaceutical
425,425,13,2,8,7,110,pharmaceutical
426,426,13,15,4,13,117,software
427,427,8,20,2,26,135,software
428,428,11,10,8,5,136,pharmaceutical
429,429,8,0,7,23,145,financial
430,430,3,27,4,23,193,software
431,431,16,15,1,11,149,retail
432,432,1,28,6,18,188,financial
433,433,19,5,1,25,108,retail
434,434,11,10,2,8,94,retail
435,435,0,24,2,14,121,retail
436,436,0,18,9,19,123,realestate
437,437,12,0,7,29,85,retail
438,438,16,7,6,6,146,financial
439,439,6,7,3,12,41,retail
440,440,5,21,4,29,129,pharmaceutical
441,441,19,26,5,7,115,realestate
442,442,12,25,4,11,108,retail
443,443,12,5,4,23,83,education
444,444,0,9,9,20,122,retail
445,445,7,13,6,20,124,education
446,446,14,4,4,20,181,financial
447,447,0,27,6,22,122,education
448,448,2,13,3,15,212,education
449,449,8,18,9,16,148,realestate
450,450,16,4,0,10,161,education
451,451,19,13,0,20,118,pharmaceutical
452,452,11,28,1,3,128,retail
453,453,8,5,3,1,208,realestate
454,454,14,15,3,15,194,financial
455,455,5,7,4,9,113,software
456,456,18,5,9,7,67,software
457,457,8,10,2,5,164,software
458,458,8,17,8,4,172,pharmaceutical
459,459,13,15,6,23,87,realestate
460,460,10,23,4,2,92,software
461,461,5,19,9,12,122,realestate
462,462,5,23,1,18,111,pharmaceutical
463,463,15,6,4,2,184,financial
464,464,16,6,4,19,156,software
465,465,7,11,8,17,167,realestate
466,466,9,17,7,29,44,retail
467,467,9,15,9,14,58,software
468,468,8,25,4,24,126,pharmaceutical
469,469,7,15,5,1,146,retail
470,470,10,6,2,17,144,pharmaceutical
471,471,12,19,9,14,85,retail
472,472,14,7,8,19,182,realestate
473,473,17,0,3,24,198,software
474,474,16,19,4,7,154,retail
475,475,3,29,1,29,210,software
476,476,9,8,6,27,69,pharmaceutical
477,477,17,8,6,12,202,realestate
478,478,18,22,1,25,57,software
479,479,11,23,3,19,121,pharmaceutical
480,480,3,19,8,3,179,realestate
481,481,11,18,3,3,119,education
482,482,1,20,9,13,193,realestate
483,483,4,11,3,19,157,software
484,484,16,1,9,14,148,retail
485,485,1,28,9,20,173,education
486,486,7,21,2,18,131,retail
487,487,15,13,3,13,195,realestate
488,488,12,6,6,10,93,financial
489,489,5,19,2,24,118,retail
490,490,18,11,2,26,70,retail
491,491,1,12,3,3,193,pharmaceutical
492,492,7,28,6,6,128,realestate
493,493,4,14,9,29,150,financial
494,494,16,1,0,2,158,pharmaceutical
495,495,15,2,5,11,191,retail
496,496,12,16,4,29,87,software
497,497,11,3,5,11,105,financial
498,498,10,16,6,23,138,financial
499,499,15,26,4,2,178,software
500,500,19,29,6,17,115,retail
501,501,14,6,8,7,182,software
502,502,12,1,0,24,94,retail
503,503,11,4,5,20,131,education
504,504,18,8,4,9,93,software
505,505,15,23,9,3,186,realestate
506,506,16,4,0,29,162,software
507,507,1,4,9,8,158,education
508,508,7,1,7,24,165,financial
509,509,16,18,0,25,161,software
510,510,4,27,9,0,130,pharmaceutical
511,511,1,13,0,2,234,education
512,512,11,18,8,10,129,retail
513,513,17,20,3,3,192,retail
514,514,19,13,5,9,106,financial
515,515,4,15,7,0,132,retail
516,516,6,5,9,18,68,education
517,517,15,21,5,6,199,retail
518,518,12,14,4,12,83,pharmaceutical
519,519,9,18,0,15,65,education
520,520,14,15,4,7,197,software
521,521,14,13,0,25,180,pharmaceutical
522,522,6,2,6,2,47,realestate
523,523,5,27,3,0,134,realestate
524,524,19,22,5,15,83,financial
525,525,15,18,3,0,193,education
526,526,7,19,1,13,141,education
527,527,7,25,5,6,132,realestate
528,528,17,26,0,21,190,software
529,529,7,12,6,5,143,software
530,530,19,13,9,20,118,software
531,531,14,7,6,2,198,realestate
532,532,13,3,6,18,98,education
533,533,1,1,1,7,217,education
534,534,1,10,7,7,190,software
535,535,4,6,6,14,194,software
536,536,15,1,0,9,201,realestate
537,537,18,18,9,14,89,software
538,538,13,0,1,14,114,realestate
539,539,9,17,0,0,61,pharmaceutical
540,540,1,3,1,23,169,financial
541,541,16,19,3,26,155,realestate
542,542,5,17,5,26,134,education
543,543,17,8,0,29,196,retail
544,544,9,0,5,17,46,realestate
545,545,11,9,0,0,95,realestate
546,546,11,3,5,6,141,software
547,547,6,20,0,10,74,pharmaceutical
548,548,5,1,0,27,116,financial
549,549,12,12,1,1,94,retail
550,550,17,16,1,25,198,software
551,551,14,18,7,20,189,pharmaceutical
552,552,15,13,2,14,197,retail
553,553,17,7,4,26,199,financial
554,554,11,9,5,6,93,pharmaceutical
555,555,1,10,2,6,215,financial
556,556,5,7,5,7,122,software
557,557,1,25,8,11,223,software
558,558,6,17,2,24,69,education
559,559,15,18,5,19,210,realestate
560,560,2,5,0,27,218,financial
561,561,14,26,9,13,191,realestate
562,562,2,2,1,23,217,retail
563,563,13,18,5,15,95,software
564,564,15,16,0,10,212,education
565,565,1,24,3,14,168,retail
566,566,11,4,6,2,124,financial
567,567,2,7,5,8,202,pharmaceutical
568,568,14,18,1,0,199,retail
569,569,2,28,5,25,218,realestate
570,570,5,0,5,27,121,retail
571,571,6,6,9,11,50,education
572,572,12,6,3,23,83,software
573,573,13,0,3,2,121,realestate
574,574,1,23,7,29,160,software
575,575,15,17,4,3,192,pharmaceutical
576,576,19,25,7,5,77,retail
577,577,0,18,6,8,122,pharmaceutical
578,578,15,21,5,23,202,financial
579,579,4,21,6,17,177,retail
580,580,14,21,5,8,183,retail
581,581,11,5,2,15,123,realestate
582,582,17,11,0,29,188,realestate
583,583,10,12,1,5,107,education
584,584,13,10,4,17,130,software
585,585,18,27,1,5,66,software
586,586,3,6,0,23,173,retail
587,587,5,28,2,19,127,software
588,588,9,2,7,14,97,education
589,589,7,7,7,19,148,financial
590,590,14,24,0,14,189,realestate
591,591,8,14,7,19,196,education
592,592,1,24,7,4,165,financial
593,593,5,14,8,11,125,software
594,594,4,0,2,11,130,software
595,595,14,16,4,3,188,financial
596,596,8,6,9,9,121,realestate
597,597,0,5,9,27,122,pharmaceutical
598,598,18,16,3,3,93,pharmaceutical
599,599,6,2,5,13,58,pharmaceutical
600,600,2,11,9,24,199,realestate
601,601,18,10,1,19,82,software
602,602,13,29,1,12,141,software
603,603,5,1,7,26,99,realestate
604,604,7,21,2,0,136,financial
605,605,7,13,5,6,138,pharmaceutical
606,606,18,20,1,17,92,financial
607,607,15,8,3,13,188,financial
608,608,15,18,0,7,211,education
609,609,10,11,8,14,123,education
610,610,17,18,3,14,194,software
611,611,8,25,5,2,192,software
612,612,16,25,7,3,146,realestate
613,613,1,6,2,8,173,retail
614,614,5,11,1,23,121,software
615,615,14,6,2,15,188,pharmaceutical
616,616,14,18,5,1,195,education
617,617,7,2,6,4,135,retail
618,618,13,19,5,12,141,software
619,619,4,14,9,1,142,pharmaceutical
620,620,3,6,1,23,189,retail
621,621,7,16,7,25,131,realestate
622,622,19,12,3,6,90,financial
623,623,17,8,0,10,195,retail
624,624,8,7,3,21,167,education
625,625,12,27,4,0,95,realestate
626,626,2,5,9,18,212,education
627,627,15,26,7,1,218,retail
628,628,16,21,3,23,157,pharmaceutical
629,629,0,16,4,27,122,retail
630,630,15,28,4,17,181,software
631,631,7,4,7,17,128,software
632,632,5,9,5,11,139,pharmaceutical
633,633,12,20,8,4,86,retail
634,634,5,12,0,22,103,realestate
635,635,7,13,3,0,158,realestate
636,636,2,1,5,29,216,pharmaceutical
637,637,11,16,5,6,98,financial
638,638,15,28,1,0,203,financial
639,639,14,15,9,12,198,software
640,640,18,1,3,12,87,software
641,641,10,18,0,17,110,software
642,642,7,15,2,27,136,realestate
643,643,3,29,4,28,182,education
644,644,19,28,7,22,91,software
645,645,16,15,0,25,148,software
646,646,8,1,6,21,143,retail
647,647,13,8,2,5,122,software
648,648,15,4,7,14,196,software
649,649,2,16,5,29,199,retail
650,650,1,13,2,29,178,retail
651,651,4,0,4,0,146,pharmaceutical
652,652,16,17,2,0,157,education
653,653,3,16,4,24,213,retail
654,654,8,20,9,14,153,financial
655,655,11,26,9,17,129,realestate
656,656,4,0,1,29,176,education
657,657,10,2,9,25,99,pharmaceutical
658,658,2,12,3,27,203,pharmaceutical
659,659,13,22,2,25,111,realestate
660,660,7,17,1,2,151,retail
661,661,12,1,3,27,80,software
662,662,9,11,6,19,102,software
663,663,1,3,1,27,224,realestate
664,664,17,6,5,25,204,pharmaceutical
665,665,13,23,6,24,120,retail
666,666,18,22,2,20,59,software
667,667,14,14,9,28,199,software
668,668,17,2,5,0,200,realestate
669,669,7,29,1,6,150,software
670,670,6,0,4,14,58,retail
671,671,8,19,3,21,116,retail
672,672,16,4,0,28,151,software
673,673,12,18,2,15,102,software
674,674,14,11,3,4,184,financial
675,675,10,27,3,29,116,pharmaceutical
676,676,0,23,1,19,122,retail
677,677,1,12,5,28,185,financial
678,678,6,7,6,23,57,financial
679,679,12,4,9,10,79,retail
680,680,7,24,8,21,153,realestate
681,681,3,19,1,10,181,financial
682,682,7,26,6,27,153,financial
683,683,0,16,6,6,122,realestate
684,684,7,13,7,11,134,software
685,685,5,19,3,8,107,education
686,686,10,29,6,14,136,financial
687,687,17,2,6,17,183,pharmaceutical
688,688,16,1,1,27,161,education
689,689,0,3,7,22,122,financial
690,690,2,29,6,15,212,realestate
691,691,5,0,7,29,103,realestate
692,692,2,17,8,22,205,financial
693,693,16,15,4,7,154,financial
694,694,17,4,3,18,194,pharmaceutical
695,695,17,25,0,4,187,software
696,696,19,10,0,10,87,realestate
697,697,0,13,7,16,121,financial
698,698,2,7,3,12,207,realestate
699,699,3,22,5,13,168,software
700,700,13,9,5,29,133,education
701,701,9,14,1,11,82,pharmaceutical
702,702,3,4,1,13,167,realestate
703,703,4,27,0,4,135,realestate
704,704,8,8,8,16,171,retail
705,705,3,10,4,12,196,education
706,706,19,21,0,2,85,financial
707,707,7,26,0,7,127,financial
708,708,5,9,3,17,116,pharmaceutical
709,709,13,4,8,4,99,realestate
710,710,9,8,3,28,85,retail
711,711,14,24,4,18,179,realestate
712,712,8,24,3,16,157,software
713,713,16,2,4,13,155,realestate
714,714,14,13,8,15,180,retail
715,715,3,27,0,23,205,realestate
716,716,0,3,5,18,120,realestate
717,717,7,23,8,13,129,education
718,718,16,0,0,22,149,software
719,719,0,12,6,6,123,software
720,720,18,6,5,14,103,pharmaceutical
721,721,13,24,1,28,127,software
722,722,4,21,6,17,173,software
723,723,17,15,2,19,201,pharmaceutical
724,724,16,27,9,18,160,realestate
725,725,17,23,0,25,183,retail
726,726,11,3,1,18,102,education
727,727,10,13,5,9,119,realestate
728,728,11,5,2,27,120,software
729,729,15,13,1,15,204,realestate
730,730,2,28,8,19,199,pharmaceutical
731,731,14,18,3,11,187,financial
732,732,17,23,6,3,195,education
733,733,8,25,5,20,137,realestate
734,734,11,4,4,9,111,software
735,735,6,7,5,15,58,education
736,736,16,26,7,15,154,retail
737,737,4,23,6,5,172,financial
738,738,8,17,0,16,145,realestate
739,739,7,26,6,20,165,pharmaceutical
740,740,1,13,4,6,218,financial
741,741,3,4,7,0,193,realestate
742,742,3,9,2,28,216,realestate
743,743,3,24,6,5,194,software
744,744,12,20,6,15,78,pharmaceutical
745,745,18,24,6,3,59,retail
746,746,16,7,2,3,155,retail
747,747,11,14,3,13,102,education
748,748,12,15,4,27,105,retail
749,749,12,28,9,14,91,retail
750,750,19,0,7,19,119,financial
751,751,11,1,6,23,131,pharmaceutical
752,752,16,12,2,16,148,education
753,753,11,12,1,29,114,software
754,754,2,15,0,16,218,financial
755,755,2,29,4,15,206,realestate
756,756,13,4,5,24,110,software
757,757,5,11,0,21,95,retail
758,758,10,22,5,25,118,software
759,759,17,22,8,12,191,education
760,760,12,17,5,4,97,financial
761,761,19,19,0,5,101,education
762,762,3,5,4,4,173,education
763,763,11,19,4,24,132,realestate
764,764,1,7,5,20,211,software
765,765,16,18,4,15,154,education
766,766,14,21,7,21,181,software
767,767,18,10,2,7,72,realestate
768,768,18,7,2,14,71,retail
769,769,10,25,9,12,159,financial
770,770,19,22,0,1,81,pharmaceutical
771,771,10,21,1,12,109,retail
772,772,13,3,1,23,124,financial
773,773,11,16,5,6,113,education
774,774,4,21,0,7,173,retail
775,775,8,8,8,6,178,software
776,776,4,11,6,12,152,software
777,777,0,4,4,26,120,education
778,778,16,14,7,18,150,financial
779,779,18,11,8,24,58,financial
780,780,2,21,8,11,212,realestate
781,781,17,2,5,7,191,software
782,782,6,25,0,25,59,retail
783,783,6,25,4,26,86,education
784,784,15,0,8,2,216,retail
785,785,4,22,1,25,194,software
786,786,2,9,7,18,217,retail
787,787,12,18,6,21,85,pharmaceutical
788,788,14,28,3,4,198,retail
789,789,10,14,5,2,141,pharmaceutical
790,790,11,29,6,5,121,financial
791,791,17,5,7,22,205,financial
792,792,16,16,3,6,157,retail
793,793,19,12,3,12,85,software
794,794,19,26,3,25,114,pharmaceutical
795,795,13,21,1,2,135,pharmaceutical
796,796,1,22,2,13,234,pharmaceutical
797,797,10,2,6,24,145,software
798,798,3,29,8,3,172,retail
799,799,17,4,3,6,194,retail
800,800,15,18,3,20,196,retail
801,801,15,13,5,1,194,retail
802,802,18,7,0,9,102,retail
803,803,8,9,4,23,149,financial
804,804,3,3,1,7,179,software
805,805,5,25,4,2,109,pharmaceutical
806,806,5,9,5,13,98,software
807,807,8,22,2,13,141,retail
808,808,7,20,3,22,151,education
809,809,16,25,4,0,146,financial
810,810,18,3,3,17,79,education
811,811,1,10,4,2,214,retail
812,812,6,23,2,16,75,education
813,813,4,16,5,7,177,financial
814,814,14,4,3,12,198,software
815,815,14,2,3,24,183,realestate
816,816,3,10,6,1,200,realestate
817,817,4,28,3,29,168,realestate
818,818,6,10,9,21,62,realestate
819,819,10,7,6,1,158,financial
820,820,10,20,8,28,94,software
821,821,10,8,0,15,92,education
822,822,17,22,4,4,204,retail
823,823,7,22,3,1,167,education
824,824,9,0,8,24,57,realestate
825,825,4,12,8,14,154,pharmaceutical
826,826,0,3,9,19,122,pharmaceutical
827,827,6,18,7,21,73,financial
828,828,2,10,0,8,201,software
829,829,4,9,8,29,138,pharmaceutical
830,830,7,17,4,2,143,software
831,831,19,22,6,20,103,financial
832,832,2,4,4,19,199,pharmaceutical
833,833,4,2,4,21,186,financial
834,834,11,25,6,11,122,education
835,835,8,17,1,5,202,financial
836,836,18,28,6,17,75,retail
837,837,10,1,6,5,98,financial
838,838,9,9,1,11,94,financial
839,839,16,16,3,20,146,realestate
840,840,3,9,9,9,181,education
841,841,3,3,6,8,187,education
842,842,18,5,9,16,53,realestate
843,843,16,3,0,5,156,retail
844,844,4,11,5,28,150,software
845,845,18,25,3,17,73,software
846,846,3,17,8,11,194,education
847,847,18,10,6,10,84,retail
848,848,12,3,7,0,107,financial
849,849,16,18,1,3,160,realestate
850,850,5,7,1,20,92,financial
851,851,18,19,5,19,95,education
852,852,17,23,7,10,198,software
853,853,11,8,7,19,111,education
854,854,0,6,5,21,122,pharmaceutical
855,855,5,13,0,10,128,pharmaceutical
856,856,4,10,0,29,154,pharmaceutical
857,857,2,16,8,20,205,software
858,858,12,0,3,17,90,pharmaceutical
859,859,5,3,8,9,135,retail
860,860,3,25,3,25,178,education
861,861,4,14,1,28,170,retail
862,862,9,26,0,8,75,retail
863,863,3,5,2,18,170,education
864,864,17,26,4,20,203,education
865,865,16,19,2,29,152,software
866,866,9,9,7,22,99,realestate
867,867,16,22,2,4,153,retail
868,868,18,22,3,16,71,realestate
869,869,4,15,8,4,144,education
870,870,5,2,8,23,124,retail
871,871,7,5,4,8,133,pharmaceutical
872,872,14,10,2,24,195,pharmaceutical
873,873,17,22,2,9,201,pharmaceutical
874,874,16,23,2,14,150,pharmaceutical
875,875,7,15,1,22,135,pharmaceutical
876,876,1,17,3,21,228,realestate
877,877,12,23,6,15,80,financial
878,878,4,28,2,6,194,retail
879,879,10,24,4,29,126,pharmaceutical
880,880,9,14,5,24,58,education
881,881,0,27,1,16,123,software
882,882,18,7,9,14,82,realestate
883,883,7,28,6,17,121,realestate
884,884,3,29,3,3,208,software
885,885,16,14,5,4,154,retail
886,886,2,11,1,1,209,retail
887,887,10,16,6,20,110,realestate
888,888,9,27,5,10,53,realestate
889,889,16,0,2,3,158,education
890,890,9,26,8,29,90,education
891,891,9,16,5,15,77,pharmaceutical
892,892,8,8,9,26,126,education
893,893,4,1,8,17,174,realestate
894,894,18,7,8,9,59,retail
895,895,13,9,9,22,125,retail
896,896,14,21,9,16,184,pharmaceutical
897,897,17,10,3,29,188,financial
898,898,3,15,2,0,212,retail
899,899,19,18,5,8,115,pharmaceutical
900,900,7,21,3,8,135,retail
901,901,1,19,9,28,197,realestate
902,902,8,0,7,13,142,financial
903,903,6,3,9,7,83,pharmaceutical
904,904,13,9,8,4,134,realestate
905,905,13,15,6,3,138,software
906,906,16,4,0,26,146,education
907,907,2,23,3,19,200,education
908,908,16,28,8,8,146,pharmaceutical
909,909,9,25,1,14,87,realestate
910,910,5,25,5,1,103,education
911,911,15,2,7,26,210,realestate
912,912,11,6,6,19,108,pharmaceutical
913,913,16,20,1,2,151,software
914,914,7,19,6,12,144,software
915,915,8,20,4,15,188,software
916,916,17,17,1,23,202,financial
917,917,2,1,1,8,208,education
918,918,0,11,7,25,121,education
919,919,19,15,9,11,87,education
920,920,7,12,9,15,159,realestate
921,921,19,1,3,9,83,financial
922,922,13,29,2,8,106,financial
923,923,19,20,9,29,84,software
924,924,2,25,9,22,215,financial
925,925,2,24,6,7,205,education
926,926,17,13,3,25,186,software
927,927,10,23,3,17,102,pharmaceutical
928,928,10,21,6,11,92,education
929,929,8,9,8,21,157,education
930,930,7,24,1,22,163,realestate
931,931,16,10,4,4,153,pharmaceutical
932,932,2,27,9,18,209,financial
933,933,12,2,1,1,104,retail
934,934,7,19,8,22,134,pharmaceutical
935,935,0,29,9,6,119,pharmaceutical
936,936,0,22,1,28,120,software
937,937,8,15,6,22,164,software
938,938,18,21,7,26,98,pharmaceutical
939,939,9,17,2,1,62,financial
940,940,5,23,3,13,110,realestate
941,941,1,27,7,24,177,realestate
942,942,11,2,7,20,114,software
943,943,5,29,0,11,132,retail
944,944,6,1,2,12,51,realestate
945,945,15,20,9,27,205,financial
946,946,19,16,5,20,85,financial
947,947,15,22,5,2,201,financial
948,948,6,0,4,23,54,retail
949,949,15,7,0,15,194,education
950,950,1,26,8,27,190,pharmaceutical
951,951,7,12,5,23,142,retail
952,952,15,24,2,7,194,software
953,953,11,6,8,8,107,realestate
954,954,18,0,2,3,75,pharmaceutical
955,955,4,11,4,16,170,education
956,956,12,18,3,13,97,education
957,957,9,6,1,19,90,software
958,958,11,24,1,8,128,retail
959,959,9,27,1,0,100,financial
960,960,17,16,5,28,184,pharmaceutical
961,961,0,19,5,2,121,education
962,962,12,21,3,11,107,financial
963,963,9,12,6,11,79,realestate
964,964,18,1,9,4,86,pharmaceutical
965,965,0,0,9,21,123,education
966,966,6,3,5,2,74,retail
967,967,9,8,9,8,84,realestate
968,968,3,13,6,16,181,financial
969,969,17,29,2,14,199,realestate
970,970,18,13,6,27,99,retail
971,971,0,17,7,19,122,financial
972,972,5,22,7,25,94,software
973,973,4,26,7,4,183,software
974,974,6,24,8,24,69,retail
975,975,14,1,8,8,180,retail
976,976,2,23,1,24,213,realestate
977,977,1,29,4,10,159,software
978,978,5,10,4,29,105,realestate
979,979,2,24,9,6,210,pharmaceutical
980,980,2,15,7,0,211,pharmaceutical
981,981,17,6,5,17,200,software
982,982,14,21,0,27,186,software
983,983,15,0,8,5,210,education
984,984,5,26,8,21,135,financial
985,985,7,24,9,3,138,education
986,986,14,6,9,12,189,pharmaceutical
987,987,10,19,4,5,113,financial
988,988,10,5,3,2,96,retail
989,989,1,17,0,25,164,education
990,990,3,23,6,17,201,retail
991,991,2,3,6,18,215,retail
992,992,3,6,0,1,205,software
993,993,11,29,8,10,130,pharmaceutical
994,994,10,15,3,5,92,education
995,995,12,18,4,21,106,retail
996,996,0,6,5,20,122,software
997,997,0,1,2,15,119,education
998,998,4,7,4,1,184,software
999,999,2,4,5,6,215,software
1000,1000,17,3,9,17,192,realestate
1001,1001,1,15,3,4,208,financial
1002,1002,5,10,6,18,128,retail
1003,1003,14,11,2,29,180,realestate
1004,1004,11,16,1,7,114,software
1005,1005,14,0,4,9,193,retail
1006,1006,13,27,4,11,103,retail
1007,1007,13,19,9,22,93,financial
1008,1008,2,2,1,12,201,realestate
1009,1009,4,4,1,26,145,pharmaceutical
1010,1010,3,8,0,22,167,pharmaceutical
1011,1011,10,22,8,28,108,software
1012,1012,1,20,5,13,159,retail
1013,1013,18,10,3,6,96,realestate
1014,1014,10,6,8,19,135,financial
1015,1015,13,13,2,11,91,financial
1016,1016,5,13,7,22,101,retail
1017,1017,8,18,1,5,182,education
1018,1018,15,27,5,18,216,software
1019,1019,6,29,1,20,82,financial
1020,1020,5,1,8,25,139,realestate
1021,1021,11,20,4,3,102,financial
1022,1022,2,20,7,25,213,education
1023,1023,6,6,8,27,51,software
1024,1024,19,17,7,25,80,realestate
1025,1025,18,12,7,3,73,financial
1026,1026,8,13,1,17,199,retail
1027,1027,6,17,6,25,55,education
1028,1028,6,7,4,25,65,education
1029,1029,5,5,3,28,128,retail
1030,1030,2,19,3,12,215,realestate
1031,1031,2,14,2,22,215,software
1032,1032,7,5,5,27,151,financial
1033,1033,16,4,3,19,157,financial
1034,1034,9,1,2,17,77,realestate
1035,1035,9,2,4,2,50,realestate
1036,1036,19,21,3,17,112,financial
1037,1037,8,8,2,7,182,education
1038,1038,0,7,3,21,122,retail
1039,1039,3,0,2,11,202,financial
1040,1040,4,13,4,15,164,realestate
1041,1041,14,13,9,13,197,realestate
1042,1042,12,15,1,1,83,education
1043,1043,12,13,9,14,89,retail
1044,1044,4,20,6,1,182,retail
1045,1045,16,17,2,3,148,pharmaceutical
1046,1046,18,26,6,12,98,software
1047,1047,8,28,7,13,204,pharmaceutical
1048,1048,15,26,4,1,204,pharmaceutical
1049,1049,10,29,8,0,95,education
1050,1050,16,10,4,22,152,realestate
1051,1051,8,0,5,18,198,education
1052,1052,11,9,9,4,136,retail
1053,1053,17,28,5,19,200,financial
1054,1054,11,9,4,8,92,software
1055,1055,12,1,8,15,86,realestate
1056,1056,10,4,9,26,135,realestate
1057,1057,0,3,6,19,120,pharmaceutical
1058,1058,8,23,7,6,176,software
1059,1059,3,7,6,25,187,retail
1060,1060,14,0,1,15,197,retail
1061,1061,0,8,5,22,119,software
1062,1062,7,23,6,29,148,realestate
1063,1063,13,18,3,2,116,education
1064,1064,9,17,4,2,82,realestate
1065,1065,6,10,8,27,43,realestate
1066,1066,11,7,2,11,106,retail
1067,1067,4,1,5,15,158,education
1068,1068,17,28,0,1,187,software
1069,1069,12,16,8,24,88,pharmaceutical
1070,1070,0,20,1,13,121,education
1071,1071,2,4,4,23,201,realestate
1072,1072,14,2,2,19,185,pharmaceutical
1073,1073,16,9,8,25,150,retail
1074,1074,0,18,9,15,122,realestate
1075,1075,18,0,9,29,51,financial
1076,1076,6,14,9,12,66,pharmaceutical
1077,1077,6,15,1,2,75,software
1078,1078,1,14,6,19,171,financial
1079,1079,13,14,1,10,114,financial
1080,1080,18,10,1,2,75,realestate
1081,1081,0,6,3,18,123,retail
1082,1082,9,9,3,4,83,realestate
1083,1083,8,20,5,24,172,software
1084,1084,14,4,7,14,186,pharmaceutical
1085,1085,5,23,4,9,132,pharmaceutical
1086,1086,7,2,6,6,133,education
1087,1087,9,0,5,27,85,pharmaceutical
1088,1088,16,9,0,29,146,software
1089,1089,19,1,6,26,89,financial
1090,1090,1,0,6,8,175,retail
1091,1091,7,15,4,29,123,retail
1092,1092,3,6,3,27,210,financial
1093,1093,10,22,5,5,91,education
1094,1094,11,29,2,2,127,retail
1095,1095,4,18,4,3,154,pharmaceutical
1096,1096,3,9,4,2,190,financial
1097,1097,18,26,3,2,72,pharmaceutical
1098,1098,11,16,6,25,124,education
1099,1099,18,22,5,8,52,financial
1100,1100,14,14,8,6,188,software
1101,1101,12,14,1,9,92,financial
1102,1102,9,28,9,13,63,education
1103,1103,18,18,5,9,76,financial
1104,1104,4,17,7,9,143,financial
1105,1105,17,24,7,13,193,education
1106,1106,7,0,2,21,122,software
1107,1107,1,1,5,17,190,retail
1108,1108,12,0,2,11,89,realestate
1109,1109,0,12,3,22,122,financial
1110,1110,9,20,9,11,54,software
1111,1111,19,19,8,12,114,realestate
1112,1112,7,13,3,26,137,realestate
1113,1113,15,26,0,29,191,education
1114,1114,1,18,3,5,180,software
1115,1115,14,11,9,14,179,retail
1116,1116,18,18,3,3,99,retail
1117,1117,6,7,5,27,42,education
1118,1118,1,12,3,13,228,retail
1119,1119,4,18,2,28,181,pharmaceutical
1120,1120,9,10,7,9,54,realestate
1121,1121,12,21,5,2,108,financial
1122,1122,3,13,7,0,171,retail
1123,1123,14,29,0,0,179,software
1124,1124,6,0,3,16,54,pharmaceutical
1125,1125,10,19,3,19,100,software
1126,1126,8,7,1,16,182,software
1127,1127,10,14,0,18,139,software
1128,1128,9,5,6,3,73,education
1129,1129,13,14,6,17,132,software
1130,1130,17,7,5,14,198,education
1131,1131,4,16,0,1,134,financial
1132,1132,17,7,2,24,183,financial
1133,1133,3,12,4,25,182,financial
1134,1134,18,10,8,0,55,realestate
1135,1135,5,22,2,11,139,financial
1136,1136,8,7,8,4,186,financial
1137,1137,10,13,4,9,111,software
1138,1138,17,23,4,24,198,education
1139,1139,12,18,7,23,80,financial
1140,1140,16,25,9,28,152,financial
1141,1141,19,12,4,10,92,realestate
1142,1142,2,18,7,0,216,pharmaceutical
1143,1143,19,19,8,14,93,pharmaceutical
1144,1144,14,29,1,20,178,realestate
1145,1145,7,22,2,14,137,realestate
1146,1146,2,28,2,14,216,pharmaceutical
1147,1147,10,8,4,0,151,education
1148,1148,13,8,2,19,144,software
1149,1149,16,12,5,16,161,retail
1150,1150,18,19,9,13,81,pharmaceutical
1151,1151,14,10,6,23,186,retail
1152,1152,0,10,4,24,123,realestate
1153,1153,10,13,8,9,120,retail
1154,1154,18,25,4,5,84,realestate
1155,1155,16,11,5,22,146,retail
1156,1156,2,8,7,20,207,education
1157,1157,8,21,0,18,191,pharmaceutical
1158,1158,19,28,1,7,92,financial
1159,1159,4,4,0,8,178,retail
1160,1160,18,8,2,22,98,financial
1161,1161,10,5,2,26,113,retail
1162,1162,2,14,2,4,210,realestate
1163,1163,10,5,0,10,129,realestate
1164,1164,2,2,8,11,219,realestate
1165,1165,5,10,4,26,101,retail
1166,1166,4,10,1,0,161,realestate
1167,1167,10,16,4,28,100,pharmaceutical
1168,1168,17,20,4,9,205,software
1169,1169,15,19,1,10,184,retail
1170,1170,9,6,9,16,101,pharmaceutical
1171,1171,9,2,6,12,48,financial
1172,1172,8,2,9,19,146,education
1173,1173,13,7,2,16,110,pharmaceutical
1174,1174,1,25,3,10,211,education
1175,1175,8,9,1,24,138,software
1176,1176,19,27,5,13,83,retail
1177,1177,3,2,8,10,171,financial
1178,1178,7,26,3,16,152,software
1179,1179,15,5,0,22,199,realestate
1180,1180,5,15,7,26,136,education
1181,1181,19,14,6,9,90,software
1182,1182,2,2,3,9,218,pharmaceutical
1183,1183,2,4,7,7,214,financial
1184,1184,11,15,7,13,105,education
1185,1185,10,5,0,27,121,retail
1186,1186,18,17,2,6,72,education
1187,1187,17,4,1,22,203,education
1188,1188,3,5,1,19,210,financial
1189,1189,0,3,1,20,120,retail
1190,1190,14,6,7,17,189,realestate
1191,1191,1,12,2,24,211,pharmaceutical
1192,1192,7,24,7,1,121,software
1193,1193,10,20,0,17,133,realestate
1194,1194,12,18,5,6,101,education
1195,1195,4,13,0,3,151,pharmaceutical
1196,1196,13,4,1,17,145,education
1197,1197,6,10,7,20,53,financial
1198,1198,2,20,3,3,215,pharmaceutical
1199,1199,2,25,3,16,210,financial
1200,1200,10,0,5,17,101,education
1201,1201,19,15,8,16,71,software
1202,1202,1,2,2,22,189,retail
1203,1203,15,5,7,20,189,financial
1204,1204,3,23,6,7,189,retail
1205,1205,12,20,8,22,102,financial
1206,1206,2,27,1,9,210,education
1207,1207,10,10,8,5,132,retail
1208,1208,13,27,0,0,116,pharmaceutical
1209,1209,16,27,0,17,153,software
1210,1210,8,24,5,24,126,software
1211,1211,7,23,3,0,140,software
1212,1212,1,29,2,0,228,software
1213,1213,11,29,8,16,140,pharmaceutical
1214,1214,8,12,8,3,163,realestate
1215,1215,0,15,8,3,123,retail
1216,1216,8,14,5,1,152,realestate
1217,1217,8,0,6,10,113,realestate
1218,1218,15,15,1,27,190,education
1219,1219,16,27,3,22,147,realestate
1220,1220,13,16,2,6,107,retail
1221,1221,14,13,5,2,198,retail
1222,1222,13,15,3,24,93,financial
1223,1223,10,13,5,16,97,education
1224,1224,0,13,4,29,123,pharmaceutical
1225,1225,1,4,4,20,165,software
1226,1226,4,21,8,1,149,retail
1227,1227,2,9,3,26,219,software
1228,1228,19,12,4,10,88,realestate
1229,1229,7,28,6,0,139,education
1230,1230,1,24,1,25,190,realestate
1231,1231,7,16,2,16,153,education
1232,1232,12,20,6,0,89,software
1233,1233,16,3,9,29,146,retail
1234,1234,0,22,6,29,123,pharmaceutical
1235,1235,10,0,6,3,152,retail
1236,1236,10,5,2,16,98,financial
1237,1237,10,27,2,7,112,software
1238,1238,12,26,1,22,96,financial
1239,1239,14,26,0,7,183,retail
1240,1240,2,20,7,13,204,software
1241,1241,18,11,2,15,70,pharmaceutical
1242,1242,17,14,4,26,189,realestate
1243,1243,0,12,6,13,121,education
1244,1244,14,27,8,9,196,education
1245,1245,9,17,9,9,79,retail
1246,1246,12,16,2,26,101,financial
1247,1247,1,23,3,16,200,education
1248,1248,0,29,2,5,119,pharmaceutical
1249,1249,19,20,5,24,80,software
1250,1250,13,0,5,1,117,education
1251,1251,11,6,3,22,127,pharmaceutical
1252,1252,5,11,1,15,133,financial
1253,1253,18,26,5,22,101,pharmaceutical
1254,1254,3,17,3,15,171,software
1255,1255,2,0,6,10,201,realestate
1256,1256,17,2,3,25,183,realestate
1257,1257,6,26,0,5,75,pharmaceutical
1258,1258,15,7,0,15,196,education
1259,1259,12,1,9,9,83,financial
1260,1260,7,3,4,18,151,pharmaceutical
1261,1261,2,28,6,15,214,financial
1262,1262,0,24,5,16,120,software
1263,1263,13,14,4,10,130,retail
1264,1264,18,2,3,21,82,realestate
1265,1265,7,17,6,28,123,software
1266,1266,10,17,1,5,117,pharmaceutical
1267,1267,1,12,5,13,214,financial
1268,1268,0,5,8,23,120,education
1269,1269,1,5,1,14,158,financial
1270,1270,7,12,2,1,135,retail
1271,1271,3,20,5,25,208,financial
1272,1272,4,4,8,11,146,financial
1273,1273,8,9,6,11,207,pharmaceutical
1274,1274,1,12,0,12,232,retail
1275,1275,16,24,3,18,157,software
1276,1276,6,8,3,15,59,pharmaceutical
1277,1277,7,26,4,3,129,pharmaceutical
1278,1278,15,23,3,10,181,software
1279,1279,8,2,5,14,155,pharmaceutical
1280,1280,14,22,5,26,187,software
1281,1281,12,12,7,21,90,financial
1282,1282,0,15,6,17,122,education
1283,1283,8,13,7,26,156,pharmaceutical
1284,1284,17,27,9,2,205,financial
1285,1285,1,6,5,5,158,retail
1286,1286,9,8,7,27,100,software
1287,1287,13,27,7,29,124,retail
1288,1288,1,29,8,22,200,pharmaceutical
1289,1289,14,25,5,22,183,education
1290,1290,15,15,8,11,198,pharmaceutical
1291,1291,6,10,4,3,42,realestate
1292,1292,9,23,0,26,47,software
1293,1293,5,26,6,12,132,financial
1294,1294,0,27,4,25,123,software
1295,1295,18,13,3,11,51,pharmaceutical
1296,1296,18,24,2,9,81,pharmaceutical
1297,1297,7,27,8,14,133,pharmaceutical
1298,1298,15,28,5,22,207,financial
1299,1299,13,9,2,8,128,software
1300,1300,5,1,9,27,118,realestate
1301,1301,12,26,2,14,110,software
1302,1302,16,21,0,12,156,realestate
1303,1303,1,13,4,24,203,education
1304,1304,4,15,5,7,139,financial
1305,1305,11,13,0,25,125,pharmaceutical
1306,1306,2,1,0,17,213,software
1307,1307,9,20,8,19,101,software
1308,1308,7,14,8,1,145,financial
1309,1309,19,20,9,11,107,retail
1310,1310,1,17,0,5,233,software
1311,1311,13,2,5,27,104,realestate
1312,1312,4,8,2,0,162,education
1313,1313,7,20,9,18,122,retail
1314,1314,16,15,0,1,158,financial
1315,1315,9,17,0,28,98,retail
1316,1316,0,23,0,13,122,financial
1317,1317,13,29,4,10,107,retail
1318,1318,7,8,3,1,141,retail
1319,1319,8,22,1,12,187,pharmaceutical
1320,1320,18,10,3,27,59,pharmaceutical
1321,1321,13,12,3,13,137,education
1322,1322,6,25,3,6,38,education
1323,1323,4,14,0,3,153,financial
1324,1324,10,0,3,22,139,retail
1325,1325,3,10,9,27,192,software
1326,1326,4,23,0,9,182,pharmaceutical
1327,1327,5,25,2,24,134,pharmaceutical
1328,1328,2,21,0,11,218,realestate
1329,1329,2,1,9,17,209,software
1330,1330,8,15,6,5,173,retail
1331,1331,3,17,3,2,165,retail
1332,1332,13,16,0,9,138,pharmaceutical
1333,1333,12,9,5,29,94,education
1334,1334,11,12,2,26,141,education
1335,1335,1,1,3,11,170,software
1336,1336,1,9,0,20,228,realestate
1337,1337,18,20,5,5,73,financial
1338,1338,15,24,1,16,182,software
1339,1339,16,10,3,3,153,realestate
1340,1340,9,8,5,3,89,retail
1341,1341,0,22,3,12,123,software
1342,1342,9,17,1,28,67,pharmaceutical
1343,1343,1,9,3,0,226,education
1344,1344,4,21,2,26,167,software
1345,1345,15,17,9,27,211,financial
1346,1346,13,27,3,16,112,realestate
1347,1347,12,22,6,14,80,education
1348,1348,15,11,3,4,190,financial
1349,1349,4,2,1,29,143,education
1350,1350,0,23,5,19,122,retail
1351,1351,6,19,5,12,62,pharmaceutical
1352,1352,2,21,4,20,218,retail
1353,1353,11,28,3,11,97,realestate
1354,1354,14,8,9,16,187,retail
1355,1355,1,25,5,7,189,education
1356,1356,13,17,2,18,91,realestate
1357,1357,4,9,3,10,178,education
1358,1358,17,13,3,26,194,financial
1359,1359,3,10,8,4,204,education
1360,1360,11,29,1,26,140,realestate
1361,1361,8,14,3,13,180,realestate
1362,1362,7,19,4,12,125,realestate
1363,1363,1,2,5,25,165,retail
1364,1364,13,1,6,6,145,retail
1365,1365,19,2,9,29,84,retail
1366,1366,15,5,7,29,193,retail
1367,1367,11,26,7,3,137,financial
1368,1368,1,8,1,7,208,financial
1369,1369,18,0,5,17,80,retail
1370,1370,12,21,1,8,102,financial
1371,1371,1,25,9,11,216,education
1372,1372,6,9,3,7,67,financial
1373,1373,18,3,9,22,88,realestate
1374,1374,12,19,3,17,94,financial
1375,1375,16,27,2,7,151,software
1376,1376,3,27,3,2,167,financial
1377,1377,1,27,0,12,158,financial
1378,1378,11,2,1,20,100,financial
1379,1379,6,27,9,4,74,education
1380,1380,4,4,0,1,166,realestate
1381,1381,5,15,3,25,97,software
1382,1382,16,2,8,26,149,pharmaceutical
1383,1383,12,6,2,27,91,education
1384,1384,5,5,3,26,103,realestate
1385,1385,15,22,6,15,210,pharmaceutical
1386,1386,1,26,2,26,221,financial
1387,1387,11,14,2,8,99,pharmaceutical
1388,1388,2,29,4,8,214,retail
1389,1389,4,21,5,3,179,realestate
1390,1390,3,18,4,8,200,retail
1391,1391,2,6,7,6,202,education
1392,1392,17,14,0,13,185,financial
1393,1393,7,25,5,1,124,software
1394,1394,9,17,7,9,93,pharmaceutical
1395,1395,12,4,0,1,85,realestate
1396,1396,7,16,2,10,133,software
1397,1397,7,26,2,13,146,realestate
1398,1398,1,13,5,23,209,financial
1399,1399,17,11,7,7,190,retail
1400,1400,10,25,0,24,116,financial
1401,1401,11,14,2,25,124,education
1402,1402,9,4,7,4,43,retail
1403,1403,16,8,6,7,160,software
1404,1404,8,7,2,28,197,financial
1405,1405,9,1,0,17,96,financial
1406,1406,13,11,0,4,103,education
1407,1407,8,15,7,5,124,realestate
1408,1408,17,28,1,4,197,realestate
1409,1409,5,7,4,18,133,education
1410,1410,6,2,6,26,47,financial
1411,1411,15,8,9,5,182,retail
1412,1412,18,1,0,9,97,retail
1413,1413,4,19,5,7,187,retail
1414,1414,12,25,8,9,82,pharmaceutical
1415,1415,9,9,1,24,78,financial
1416,1416,9,25,8,24,84,software
1417,1417,17,8,5,4,197,retail
1418,1418,13,15,3,11,88,education
1419,1419,16,12,3,20,148,retail
1420,1420,10,15,4,20,118,software
1421,1421,19,17,1,10,91,retail
1422,1422,5,5,5,7,100,retail
1423,1423,18,3,0,27,88,pharmaceutical
1424,1424,0,24,7,23,121,pharmaceutical
1425,1425,1,17,6,29,229,financial
1426,1426,2,2,6,6,211,realestate
1427,1427,12,12,5,14,107,software
1428,1428,10,8,9,26,140,retail
1429,1429,18,0,4,14,100,realestate
1430,1430,16,15,6,2,162,education
1431,1431,14,17,4,26,189,pharmaceutical
1432,1432,1,19,7,12,191,education
1433,1433,1,20,0,13,231,software
1434,1434,3,17,4,12,167,education
1435,1435,17,3,6,2,192,retail
1436,1436,14,25,3,1,192,retail
1437,1437,6,27,0,4,62,retail
1438,1438,1,10,4,13,227,education
1439,1439,11,16,1,18,132,retail
1440,1440,5,0,2,12,140,education
1441,1441,14,20,6,16,187,software
1442,1442,18,18,0,5,66,education
1443,1443,3,27,8,13,172,retail
1444,1444,5,23,5,0,99,retail
1445,1445,18,25,7,29,103,education
1446,1446,15,20,1,6,184,financial
1447,1447,5,5,4,0,106,financial
1448,1448,16,10,3,22,156,financial
1449,1449,7,14,7,19,156,retail
1450,1450,16,8,1,1,158,realestate
1451,1451,18,21,3,4,68,retail
1452,1452,7,20,7,25,130,financial
1453,1453,18,3,7,1,96,software
1454,1454,19,12,1,9,79,pharmaceutical
1455,1455,18,14,0,12,71,retail
1456,1456,7,14,2,26,133,realestate
1457,1457,18,15,2,19,68,education
1458,1458,6,5,8,23,64,education
1459,1459,13,9,0,25,91,financial
1460,1460,19,16,3,4,116,realestate
1461,1461,2,4,2,4,207,retail
1462,1462,17,4,4,11,187,retail
1463,1463,11,10,1,13,103,software
1464,1464,14,14,8,5,179,realestate
1465,1465,11,7,6,9,130,education
1466,1466,16,23,8,18,162,software
1467,1467,16,6,8,28,150,education
1468,1468,12,26,2,20,96,retail
1469,1469,3,3,0,10,210,realestate
1470,1470,7,6,6,26,153,realestate
1471,1471,1,8,6,3,188,financial
1472,1472,9,24,2,18,84,financial
1473,1473,13,15,2,24,136,retail
1474,1474,0,21,2,2,122,education
1475,1475,10,13,1,9,153,pharmaceutical
1476,1476,10,10,2,14,92,realestate
1477,1477,5,23,4,27,111,financial
1478,1478,6,24,5,21,42,financial
1479,1479,17,15,1,6,184,pharmaceutical
1480,1480,11,28,8,3,115,realestate
1481,1481,11,1,6,7,102,software
1482,1482,12,17,2,7,95,pharmaceutical
1483,1483,19,3,4,24,78,education
1484,1484,15,26,8,17,219,financial
1485,1485,3,4,7,7,213,education
1486,1486,18,14,0,5,73,financial
1487,1487,10,11,2,21,101,pharmaceutical
1488,1488,16,1,3,29,157,pharmaceutical
1489,1489,4,6,2,18,161,education
1490,1490,5,24,1,6,123,realestate
1491,1491,11,19,3,0,138,realestate
1492,1492,8,1,1,12,127,financial
1493,1493,10,9,3,25,118,pharmaceutical
1494,1494,3,29,8,19,182,realestate
1495,1495,6,27,4,15,49,pharmaceutical
1496,1496,12,12,7,7,106,realestate
1497,1497,10,16,2,13,112,education
1498,1498,9,21,5,21,95,financial
1499,1499,4,5,8,11,190,pharmaceutical
1500,1500,15,6,6,16,212,realestate
1501,1501,18,9,3,19,56,pharmaceutical
1502,1502,16,10,5,6,161,pharmaceutical
1503,1503,17,1,1,12,189,education
1504,1504,15,9,5,27,214,financial
1505,1505,6,19,3,18,62,software
1506,1506,18,24,8,26,72,education
1507,1507,16,3,3,17,157,education
1508,1508,0,16,8,13,123,education
1509,1509,19,1,7,0,76,pharmaceutical
1510,1510,13,14,9,23,107,realestate
1511,1511,4,11,5,22,177,retail
1512,1512,6,6,6,27,40,financial
1513,1513,13,1,9,6,107,financial
1514,1514,3,11,1,18,191,software
1515,1515,16,25,0,23,146,software
1516,1516,2,28,7,14,208,pharmaceutical
1517,1517,8,10,5,18,197,education
1518,1518,18,27,4,29,89,education
1519,1519,15,23,9,22,196,software
1520,1520,9,2,8,15,45,education
1521,1521,12,18,0,7,109,financial
1522,1522,4,26,9,20,170,realestate
1523,1523,6,3,5,22,56,pharmaceutical
1524,1524,16,29,7,24,157,education
1525,1525,7,20,7,15,144,software
1526,1526,15,22,3,3,197,pharmaceutical
1527,1527,7,29,9,24,159,financial
1528,1528,17,13,7,4,185,retail
1529,1529,5,12,6,1,123,realestate
1530,1530,10,7,0,3,151,software
1531,1531,11,21,8,12,127,retail
1532,1532,14,22,6,19,184,retail
1533,1533,2,6,4,19,219,pharmaceutical
1534,1534,7,1,3,4,144,education
1535,1535,11,23,1,16,99,retail
1536,1536,12,16,7,15,104,education
1537,1537,4,3,2,26,185,software
1538,1538,9,18,7,27,81,education
1539,1539,1,1,0,15,226,realestate
1540,1540,11,21,4,3,105,retail
1541,1541,6,27,3,19,79,software
1542,1542,3,2,0,29,190,financial
1543,1543,15,27,9,15,192,education
1544,1544,9,27,2,23,85,financial
1545,1545,3,12,0,6,209,realestate
1546,1546,0,22,1,13,121,financial
1547,1547,9,13,2,29,101,pharmaceutical
1548,1548,2,12,7,20,216,software
1549,1549,12,16,2,17,91,financial
1550,1550,10,10,8,0,93,retail
1551,1551,16,7,9,28,162,education
1552,1552,18,19,1,20,97,pharmaceutical
1553,1553,17,18,0,26,185,pharmaceutical
1554,1554,9,6,1,26,105,realestate
1555,1555,13,28,0,21,121,retail
1556,1556,3,18,2,13,195,financial
1557,1557,7,17,9,2,139,financial
1558,1558,8,24,1,9,129,software
1559,1559,8,4,7,2,168,software
1560,1560,7,23,7,8,152,software
1561,1561,14,22,6,13,196,financial
1562,1562,19,21,4,18,83,software
1563,1563,11,5,7,15,103,retail
1564,1564,17,15,9,0,198,retail
1565,1565,3,6,4,3,176,realestate
1566,1566,1,25,8,6,214,retail
1567,1567,8,2,2,24,162,retail
1568,1568,15,27,6,1,198,pharmaceutical
1569,1569,0,26,8,11,122,pharmaceutical
1570,1570,6,9,0,6,57,financial
1571,1571,16,21,6,28,154,pharmaceutical
1572,1572,3,20,3,11,175,pharmaceutical
1573,1573,16,17,3,8,146,pharmaceutical
1574,1574,5,11,0,24,123,pharmaceutical
1575,1575,17,19,0,7,200,education
1576,1576,8,25,8,9,205,education
1577,1577,11,22,3,14,119,retail
1578,1578,18,23,6,26,85,financial
1579,1579,10,26,8,20,143,realestate
1580,1580,9,3,6,19,104,education
1581,1581,19,19,6,25,103,software
1582,1582,2,0,5,2,217,pharmaceutical
1583,1583,17,21,8,23,203,realestate
1584,1584,9,27,0,1,94,financial
1585,1585,13,23,5,29,142,pharmaceutical
1586,1586,17,17,8,8,198,education
1587,1587,6,21,4,12,46,realestate
1588,1588,14,4,6,17,186,retail
1589,1589,7,22,0,28,143,software
1590,1590,3,29,8,14,205,software
1591,1591,12,24,1,28,100,education
1592,1592,10,23,9,8,114,retail
1593,1593,18,21,0,7,61,education
1594,1594,4,4,3,12,134,retail
1595,1595,14,19,5,19,196,education
1596,1596,1,19,8,11,171,realestate
1597,1597,1,6,8,6,205,software
1598,1598,17,6,3,6,200,financial
1599,1599,3,24,3,1,185,retail
1600,1600,10,12,6,24,153,realestate
1601,1601,10,25,7,20,128,pharmaceutical
1602,1602,11,26,3,4,96,software
1603,1603,7,10,1,8,127,pharmaceutical
1604,1604,9,23,6,23,70,pharmaceutical
1605,1605,12,3,0,21,98,pharmaceutical
1606,1606,6,29,4,5,56,financial
1607,1607,14,27,1,7,190,education
1608,1608,6,10,9,15,56,education
1609,1609,5,18,6,5,110,software
1610,1610,19,1,0,14,118,financial
1611,1611,15,14,4,12,179,software
1612,1612,18,4,7,24,95,realestate
1613,1613,17,1,6,28,203,pharmaceutical
1614,1614,0,29,9,3,121,realestate
1615,1615,15,6,9,27,204,realestate
1616,1616,0,25,0,22,123,software
1617,1617,13,10,5,17,129,realestate
1618,1618,9,8,5,11,96,financial
1619,1619,3,12,9,5,215,pharmaceutical
1620,1620,11,10,4,15,135,retail
1621,1621,4,16,7,28,174,realestate
1622,1622,11,9,3,1,94,financial
1623,1623,0,16,4,8,119,pharmaceutical
1624,1624,16,21,0,2,148,financial
1625,1625,16,4,6,0,161,software
1626,1626,6,12,7,4,82,financial
1627,1627,18,3,0,14,73,education
1628,1628,5,21,8,1,109,realestate
1629,1629,0,28,4,29,123,pharmaceutical
1630,1630,8,23,6,2,159,pharmaceutical
1631,1631,13,20,3,28,108,financial
1632,1632,11,5,8,16,137,retail
1633,1633,5,5,8,17,95,software
1634,1634,1,14,2,29,180,retail
1635,1635,8,20,7,14,144,education
1636,1636,12,24,0,13,84,financial
1637,1637,7,17,2,21,147,retail
1638,1638,18,13,2,29,71,pharmaceutical
1639,1639,3,25,8,24,165,education
1640,1640,4,29,7,24,138,education
1641,1641,11,26,3,3,112,pharmaceutical
1642,1642,6,6,4,26,67,software
1643,1643,12,3,4,3,95,pharmaceutical
1644,1644,2,3,6,9,204,education
1645,1645,11,28,9,9,99,pharmaceutical
1646,1646,5,4,6,6,114,software
1647,1647,1,4,9,19,198,software
1648,1648,0,19,7,1,120,software
1649,1649,17,17,4,12,197,retail
1650,1650,3,19,6,9,212,retail
1651,1651,10,17,3,16,132,software
1652,1652,5,20,0,24,123,realestate
1653,1653,9,2,7,29,97,education
1654,1654,13,25,4,8,125,financial
1655,1655,2,29,7,25,202,realestate
1656,1656,16,22,2,9,151,realestate
1657,1657,18,25,4,28,85,software
1658,1658,11,8,9,5,121,pharmaceutical
1659,1659,16,11,3,4,146,pharmaceutical
1660,1660,9,0,4,17,96,pharmaceutical
1661,1661,5,18,9,22,111,software
1662,1662,10,26,3,22,119,education
1663,1663,1,19,4,20,200,financial
1664,1664,19,2,5,10,74,education
1665,1665,14,11,5,12,181,pharmaceutical
1666,1666,5,4,8,7,140,software
1667,1667,5,2,3,7,121,realestate
1668,1668,8,26,6,15,153,realestate
1669,1669,15,2,4,17,210,pharmaceutical
1670,1670,3,17,6,5,187,financial
1671,1671,15,8,8,7,183,retail
1672,1672,10,23,7,14,125,financial
1673,1673,6,4,3,4,71,education
1674,1674,7,7,9,24,151,financial
1675,1675,5,28,6,19,106,financial
1676,1676,15,12,6,26,211,realestate
1677,1677,15,12,3,20,206,realestate
1678,1678,7,8,9,8,131,retail
1679,1679,12,27,5,11,103,education
1680,1680,13,17,0,2,104,software
1681,1681,4,13,6,28,194,retail
1682,1682,1,19,9,3,216,education
1683,1683,13,18,5,27,99,realestate
1684,1684,13,22,1,27,109,pharmaceutical
1685,1685,10,20,1,29,155,financial
1686,1686,5,9,7,25,101,retail
1687,1687,2,7,4,0,206,retail
1688,1688,9,16,5,2,86,retail
1689,1689,9,19,5,13,65,education
1690,1690,0,11,6,0,121,realestate
1691,1691,13,16,0,1,128,pharmaceutical
1692,1692,17,11,1,11,186,software
1693,1693,10,10,6,13,116,software
1694,1694,6,1,7,17,40,realestate
1695,1695,3,29,7,16,214,education
1696,1696,14,23,3,12,180,software
1697,1697,16,8,6,22,161,retail
1698,1698,9,23,0,11,44,realestate
1699,1699,12,10,3,15,104,financial
1700,1700,2,28,5,17,206,education
1701,1701,18,25,7,4,63,pharmaceutical
1702,1702,14,12,5,13,194,financial
1703,1703,7,24,7,25,142,pharmaceutical
1704,1704,15,9,7,6,181,pharmaceutical
1705,1705,9,1,6,23,103,software
1706,1706,10,25,5,13,129,pharmaceutical
1707,1707,5,2,5,4,105,retail
1708,1708,3,15,3,7,217,retail
1709,1709,3,21,7,3,184,realestate
1710,1710,6,25,2,2,43,software
1711,1711,11,11,8,14,95,pharmaceutical
1712,1712,3,21,1,1,197,education
1713,1713,15,12,1,10,179,realestate
1714,1714,5,15,9,24,119,realestate
1715,1715,5,9,2,25,111,realestate
1716,1716,1,23,5,9,231,financial
1717,1717,19,16,1,26,117,retail
1718,1718,14,12,9,13,192,software
1719,1719,6,29,6,27,84,software
1720,1720,4,15,4,23,181,software
1721,1721,4,0,1,20,142,software
1722,1722,17,1,1,23,187,financial
1723,1723,15,19,1,19,192,education
1724,1724,2,26,2,23,199,retail
1725,1725,1,28,8,23,227,software
1726,1726,12,16,1,17,86,retail
1727,1727,16,28,9,3,156,realestate
1728,1728,19,6,7,5,74,financial
1729,1729,17,0,7,18,188,pharmaceutical
1730,1730,19,6,2,19,118,education
1731,1731,14,10,3,14,187,retail
1732,1732,5,23,3,17,100,pharmaceutical
1733,1733,10,16,9,4,136,financial
1734,1734,6,9,9,19,51,pharmaceutical
1735,1735,14,2,4,18,186,realestate
1736,1736,17,28,8,0,186,realestate
1737,1737,10,22,4,26,108,pharmaceutical
1738,1738,2,7,4,28,208,financial
1739,1739,18,5,0,24,99,pharmaceutical
1740,1740,6,4,9,20,63,software
1741,1741,14,9,2,4,184,education
1742,1742,1,15,0,21,224,software
1743,1743,19,6,6,1,96,pharmaceutical
1744,1744,13,3,2,1,94,financial
1745,1745,6,7,9,13,83,education
1746,1746,1,0,5,24,181,education
1747,1747,6,27,4,16,63,financial
1748,1748,12,20,7,0,94,pharmaceutical
1749,1749,0,2,0,4,122,financial
1750,1750,0,19,7,20,119,education
1751,1751,1,15,9,27,193,retail
1752,1752,1,18,9,17,173,pharmaceutical
1753,1753,4,19,4,20,189,financial
1754,1754,11,25,0,23,141,retail
1755,1755,11,4,2,17,138,education
1756,1756,11,16,1,12,116,realestate
1757,1757,9,28,6,19,45,software
1758,1758,5,17,9,22,119,education
1759,1759,15,6,8,8,205,education
1760,1760,0,16,5,15,123,financial
1761,1761,14,2,5,12,197,education
1762,1762,1,7,1,17,215,software
1763,1763,19,17,0,24,105,realestate
1764,1764,13,6,3,14,114,realestate
1765,1765,5,6,8,5,130,education
1766,1766,4,16,1,12,150,software
1767,1767,16,5,6,17,154,retail
1768,1768,14,17,4,29,198,realestate
1769,1769,6,26,1,1,53,financial
1770,1770,1,14,9,25,215,retail
1771,1771,6,7,5,21,66,pharmaceutical
1772,1772,2,8,7,26,212,software
1773,1773,8,28,9,15,141,pharmaceutical
1774,1774,1,20,0,10,185,financial
1775,1775,11,28,3,27,100,financial
1776,1776,17,26,0,2,188,education
1777,1777,0,11,6,5,123,education
1778,1778,19,29,7,10,110,financial
1779,1779,16,22,5,5,150,software
1780,1780,2,28,0,9,213,software
1781,1781,14,7,3,3,185,software
1782,1782,4,3,1,0,174,pharmaceutical
1783,1783,4,21,0,20,168,education
1784,1784,11,25,3,10,106,financial
1785,1785,5,14,9,5,121,financial
1786,1786,12,8,5,21,90,software
1787,1787,8,9,8,7,168,pharmaceutical
1788,1788,8,14,3,13,160,financial
1789,1789,18,10,2,21,101,pharmaceutical
1790,1790,1,6,3,21,212,education
1791,1791,5,27,5,21,114,education
1792,1792,3,13,4,16,211,realestate
1793,1793,18,22,8,14,88,retail
1794,1794,13,9,4,15,126,retail
1795,1795,11,23,4,21,118,financial
1796,1796,10,1,5,26,152,realestate
1797,1797,10,10,1,8,93,education
1798,1798,15,29,4,24,191,retail
1799,1799,14,7,7,22,197,education
1800,1800,15,29,7,12,196,financial
1801,1801,5,12,2,29,111,education
1802,1802,2,2,9,11,213,financial
1803,1803,14,29,0,7,193,realestate
1804,1804,5,6,8,14,105,education
1805,1805,13,14,9,18,98,retail
1806,1806,14,0,9,14,185,retail
1807,1807,19,6,2,13,82,financial
1808,1808,17,5,1,25,190,realestate
1809,1809,10,7,1,0,135,software
1810,1810,1,11,6,23,209,realestate
1811,1811,19,17,3,0,113,software
1812,1812,11,10,5,2,133,financial
1813,1813,3,17,7,7,204,realestate
1814,1814,18,1,5,21,102,realestate
1815,1815,5,9,2,1,92,education
1816,1816,12,12,6,14,101,financial
1817,1817,2,6,2,5,209,education
1818,1818,6,27,9,19,85,software
1819,1819,0,3,1,28,123,education
1820,1820,17,16,4,14,202,realestate
1821,1821,16,11,7,21,150,retail
1822,1822,3,0,8,28,213,retail
1823,1823,17,29,3,1,183,software
1824,1824,5,27,0,5,130,software
1825,1825,15,3,3,12,187,software
1826,1826,13,11,7,12,120,pharmaceutical
1827,1827,10,3,6,7,123,realestate
1828,1828,1,26,6,3,157,education
1829,1829,13,16,8,12,141,software
1830,1830,5,23,6,22,137,education
1831,1831,15,27,2,0,200,realestate
1832,1832,4,24,9,13,190,software
1833,1833,6,9,7,23,59,retail
1834,1834,5,10,0,5,94,pharmaceutical
1835,1835,7,29,3,5,127,software
1836,1836,2,23,5,8,213,software
1837,1837,17,27,1,10,200,retail
1838,1838,10,10,0,14,144,pharmaceutical
1839,1839,12,3,1,2,87,financial
1840,1840,2,28,0,3,208,pharmaceutical
1841,1841,7,20,0,15,148,financial
1842,1842,9,2,4,6,67,financial
1843,1843,3,16,2,20,207,software
1844,1844,12,24,7,25,86,education
1845,1845,1,15,7,13,155,retail
1846,1846,9,13,0,17,102,realestate
1847,1847,12,15,1,29,96,financial
1848,1848,2,15,0,8,216,software
1849,1849,12,21,2,24,92,pharmaceutical
1850,1850,7,13,5,12,165,financial
1851,1851,10,3,1,20,109,financial
1852,1852,7,27,3,4,150,retail
1853,1853,0,1,4,27,121,software
1854,1854,11,15,4,4,94,realestate
1855,1855,15,3,0,0,195,financial
1856,1856,5,21,0,8,124,education
1857,1857,10,7,1,3,122,pharmaceutical
1858,1858,7,26,4,11,128,education
1859,1859,16,0,6,28,146,software
1860,1860,17,6,4,11,189,pharmaceutical
1861,1861,19,7,6,14,111,software
1862,1862,18,6,3,20,57,software
1863,1863,0,28,6,14,119,retail
1864,1864,12,2,4,21,105,realestate
1865,1865,18,6,7,17,65,education
1866,1866,14,10,5,25,197,retail
1867,1867,19,23,0,23,77,realestate
1868,1868,18,29,7,9,60,pharmaceutical
1869,1869,5,2,6,28,109,software
1870,1870,4,14,4,11,134,education
1871,1871,5,6,2,20,96,realestate
1872,1872,7,28,4,13,136,software
1873,1873,0,10,3,4,122,education
1874,1874,1,21,9,6,218,retail
1875,1875,0,7,7,5,123,pharmaceutical
1876,1876,4,1,7,22,161,financial
1877,1877,3,7,3,4,182,realestate
1878,1878,14,12,0,21,183,pharmaceutical
1879,1879,0,1,3,1,123,financial
1880,1880,14,20,9,13,186,pharmaceutical
1881,1881,3,24,6,7,213,retail
1882,1882,13,27,6,11,105,education
1883,1883,1,29,1,9,186,financial
1884,1884,9,26,0,11,84,software
1885,1885,8,5,6,21,149,financial
1886,1886,19,1,9,3,108,retail
1887,1887,0,17,1,15,122,education
1888,1888,9,1,2,17,52,pharmaceutical
1889,1889,3,23,9,18,199,financial
1890,1890,14,23,4,17,184,financial
1891,1891,8,26,8,4,141,education
1892,1892,6,15,8,10,57,realestate
1893,1893,14,21,2,2,178,realestate
1894,1894,15,20,7,20,187,financial
1895,1895,8,8,6,15,204,education
1896,1896,12,12,6,1,105,financial
1897,1897,4,18,3,23,130,software
1898,1898,1,26,9,14,188,realestate
1899,1899,11,10,6,2,124,retail
1900,1900,3,15,1,22,175,pharmaceutical
1901,1901,11,25,4,8,130,financial
1902,1902,2,2,6,19,202,financial
1903,1903,10,21,7,29,137,financial
1904,1904,13,6,1,24,123,financial
1905,1905,1,23,4,20,203,retail
1906,1906,19,3,5,7,87,pharmaceutical
1907,1907,1,13,1,2,202,education
1908,1908,0,8,4,6,119,education
1909,1909,1,2,0,20,212,software
1910,1910,16,2,2,11,151,financial
1911,1911,1,23,4,28,190,realestate
1912,1912,19,28,7,27,112,software
1913,1913,15,7,8,3,210,pharmaceutical
1914,1914,6,21,0,16,75,software
1915,1915,7,7,3,9,134,financial
1916,1916,7,26,8,28,142,realestate
1917,1917,18,25,6,9,78,retail
1918,1918,0,26,0,29,119,financial
1919,1919,4,22,9,12,187,financial
1920,1920,3,21,0,15,179,retail
1921,1921,17,0,0,11,184,retail
1922,1922,1,6,4,0,189,realestate
1923,1923,8,5,8,7,205,retail
1924,1924,8,15,8,11,186,realestate
1925,1925,12,24,3,14,94,software
1926,1926,7,1,5,20,147,pharmaceutical
1927,1927,11,3,0,19,118,financial
1928,1928,17,4,9,20,199,education
1929,1929,18,8,4,12,75,retail
1930,1930,14,26,0,23,190,retail
1931,1931,15,23,9,10,216,education
1932,1932,11,10,8,29,116,retail
1933,1933,9,27,4,12,68,retail
1934,1934,8,4,7,22,142,pharmaceutical
1935,1935,8,2,1,11,183,education
1936,1936,9,13,3,8,89,software
1937,1937,18,16,6,2,93,financial
1938,1938,5,25,4,23,112,realestate
1939,1939,8,26,1,29,159,retail
1940,1940,14,27,1,1,195,education
1941,1941,19,6,9,15,106,financial
1942,1942,16,5,5,29,159,software
1943,1943,16,27,2,7,160,software
1944,1944,19,24,4,12,95,financial
1945,1945,3,7,2,18,197,realestate
1946,1946,16,24,5,12,148,retail
1947,1947,2,1,1,5,212,financial
1948,1948,2,13,6,9,202,retail
1949,1949,13,7,7,10,91,education
1950,1950,8,18,4,9,130,education
1951,1951,5,21,3,28,138,financial
1952,1952,4,24,2,5,132,retail
1953,1953,8,13,6,4,131,retail
1954,1954,18,6,6,29,85,education
1955,1955,6,1,4,26,66,retail
1956,1956,12,14,9,12,82,financial
1957,1957,12,16,5,0,102,realestate
1958,1958,19,15,3,28,79,pharmaceutical
1959,1959,6,22,3,11,70,education
1960,1960,16,7,7,17,151,retail
1961,1961,2,18,1,0,218,pharmaceutical
1962,1962,17,20,5,28,192,retail
1963,1963,2,16,7,28,211,retail
1964,1964,6,15,4,5,81,financial
1965,1965,6,16,7,8,85,pharmaceutical
1966,1966,19,23,8,14,71,realestate
1967,1967,3,3,5,4,194,software
1968,1968,5,27,8,8,92,pharmaceutical
1969,1969,14,7,3,22,196,realestate
1970,1970,14,26,0,21,181,financial
1971,1971,3,1,3,12,206,realestate
1972,1972,4,24,3,7,189,retail
1973,1973,6,7,9,6,70,pharmaceutical
1974,1974,1,23,7,16,232,software
1975,1975,4,13,8,27,184,retail
1976,1976,16,28,4,28,155,education
1977,1977,19,5,1,20,119,education
1978,1978,9,6,6,26,81,financial
1979,1979,12,8,2,1,99,education
1980,1980,9,13,9,3,69,education
1981,1981,13,16,9,15,128,financial
1982,1982,15,6,3,16,204,realestate
1983,1983,17,18,8,15,191,education
1984,1984,8,2,4,1,143,pharmaceutical
1985,1985,2,20,4,26,201,retail
1986,1986,12,22,9,21,90,realestate
1987,1987,0,17,3,16,119,retail
1988,1988,1,9,3,13,162,education
1989,1989,18,4,1,15,55,pharmaceutical
1990,1990,19,26,3,20,101,education
1991,1991,9,15,4,28,47,retail
1992,1992,0,3,6,22,121,education
1993,1993,16,3,8,20,158,realestate
1994,1994,18,7,8,16,69,realestate
1995,1995,18,27,9,24,83,realestate
1996,1996,18,18,1,7,74,pharmaceutical
1997,1997,14,11,0,2,180,software
1998,1998,3,23,1,3,209,pharmaceutical
1999,1999,1,29,6,21,231,financial
