<?xml version="1.0" encoding="UTF-8"?>
<project-private xmlns="http://www.netbeans.org/ns/project-private/1">
    <editor-bookmarks xmlns="http://www.netbeans.org/ns/editor-bookmarks/2" lastBookmarkId="0"/>
    <open-files xmlns="http://www.netbeans.org/ns/projectui-open-files/2">
        <group>
            <file>file:/C:/Users/hp/Documents/NetBeansProjects/Lab4Skleton/src/UserInterface/MainFrame.java</file>
            <file>file:/C:/Users/hp/Documents/NetBeansProjects/Lab4Skleton/src/UserInterface/SuccessScreen.java</file>
            <file>file:/C:/Users/hp/Documents/NetBeansProjects/Lab4Skleton/src/UserInterface/AdminMainScreen.java</file>
            <file>file:/C:/Users/hp/Documents/NetBeansProjects/Lab4Skleton/src/Business/SupplierDirectory.java</file>
            <file>file:/C:/Users/hp/Documents/NetBeansProjects/Lab4Skleton/src/UserInterface/AdminCreateScreen.java</file>
            <file>file:/C:/Users/hp/Documents/NetBeansProjects/Lab4Skleton/src/Business/Users/Customer.java</file>
            <file>file:/C:/Users/hp/Documents/NetBeansProjects/Lab4Skleton/src/UserInterface/LoginScreen.java</file>
            <file>file:/C:/Users/hp/Documents/NetBeansProjects/Lab4Skleton/src/Business/Users/Supplier.java</file>
            <file>file:/C:/Users/hp/Documents/NetBeansProjects/Lab4Skleton/src/Business/ProductDirectory.java</file>
        </group>
    </open-files>
</project-private>
