<?xml version="1.0" encoding="UTF-8"?>
<project-private xmlns="http://www.netbeans.org/ns/project-private/1">
    <editor-bookmarks xmlns="http://www.netbeans.org/ns/editor-bookmarks/2" lastBookmarkId="0"/>
    <open-files xmlns="http://www.netbeans.org/ns/projectui-open-files/2">
        <group>
            <file>file:/C:/Users/hp/Documents/NetBeansProjects/Lab3Skleton/Lab3.5/src/Interface/ViewPanel.java</file>
            <file>file:/C:/Users/hp/Documents/NetBeansProjects/Lab3Skleton/Lab3.5/src/Interface/CreateProductJPanel.java</file>
            <file>file:/C:/Users/hp/Documents/NetBeansProjects/Lab3Skleton/Lab3.5/src/Business/Product.java</file>
            <file>file:/C:/Users/hp/Documents/NetBeansProjects/Lab3Skleton/Lab3.5/src/Interface/ManageProdPanel.java</file>
            <file>file:/C:/Users/hp/Documents/NetBeansProjects/Lab3Skleton/Lab3.5/src/Business/ProductDirectory.java</file>
        </group>
    </open-files>
</project-private>
