<?xml version="1.0" encoding="UTF-8"?>
<project-private xmlns="http://www.netbeans.org/ns/project-private/1">
    <editor-bookmarks xmlns="http://www.netbeans.org/ns/editor-bookmarks/2" lastBookmarkId="0"/>
    <open-files xmlns="http://www.netbeans.org/ns/projectui-open-files/2">
        <group>
            <file>file:/Users/rohan/Desktop/mavericks47-mavericks_repository-9db8978b8229/lab7_skeleton/src/lab7/Lab7.java</file>
            <file>file:/Users/rohan/Desktop/mavericks47-mavericks_repository-9db8978b8229/lab7_skeleton/src/lab7/analytics/DataStore.java</file>
            <file>file:/Users/rohan/Desktop/mavericks47-mavericks_repository-9db8978b8229/lab7_skeleton/src/lab7/DataReader.java</file>
            <file>file:/Users/rohan/Desktop/mavericks47-mavericks_repository-9db8978b8229/lab7_skeleton/src/lab7/analytics/AnalysisHelper.java</file>
            <file>file:/Users/rohan/Desktop/mavericks47-mavericks_repository-9db8978b8229/lab7_skeleton/src/lab7/DataGenerator.java</file>
            <file>file:/Users/rohan/Desktop/mavericks47-mavericks_repository-9db8978b8229/lab7_skeleton/src/lab7/entities/Post.java</file>
        </group>
    </open-files>
</project-private>
